Index,X,Y,Z
0,0.0825863927602768,-0.140555739402771,0.1965990513563156
191,0.0825863927602768,-0.15385664999485016,0.19660545885562897
192,0.0825863927602768,-0.16715757548809052,0.19661188125610352
193,0.0825863927602768,-0.18045848608016968,0.19661830365657806
194,0.0825863927602768,-0.19375938177108765,0.19662471115589142
195,0.0825863927602768,-0.2070602923631668,0.19663113355636597
196,0.0825863927602768,-0.22036120295524597,0.19663755595684052
197,0.0825863927602768,-0.23366209864616394,0.19664396345615387
198,0.0825863927602768,-0.2469630092382431,0.19665038585662842
199,0.0825863927602768,-0.26026391983032227,0.19665680825710297
200,0.0825863927602768,-0.27356481552124023,0.1966632455587387
1,0.0825863927602768,-0.2868657112121582,0.19666965305805206
2,0.0825863927602768,-0.2940942645072937,0.19674651324748993
3,0.0825863927602768,-0.30080199241638184,0.1968274861574173
4,0.0825863927602768,-0.30706652998924255,0.1969105452299118
5,0.0825863927602768,-0.31296539306640625,0.19699357450008392
6,0.0825863927602768,-0.3185761570930481,0.1970745176076889
7,0.0825863927602768,-0.3239763379096985,0.1971512883901596
8,0.0825863927602768,-0.3292435109615326,0.1972218006849289
9,0.0825863927602768,-0.3344552218914032,0.19728399813175201
10,0.0825863927602768,-0.3396890163421631,0.19733577966690063
11,0.0825863853096962,-0.3450224697589874,0.19737505912780762
12,0.0825863853096962,-0.350533127784729,0.1973997801542282
13,0.0825863853096962,-0.3562959134578705,0.19740718603134155
14,0.0825863853096962,-0.36231446266174316,0.19737668335437775
15,0.0825863853096962,-0.3685147762298584,0.19726824760437012
16,0.0825863853096962,-0.3748188614845276,0.19704078137874603
17,0.0825863853096962,-0.3811487555503845,0.19665329158306122
18,0.0825863853096962,-0.387426495552063,0.19606472551822662
19,0.0825863853096962,-0.393574059009552,0.1952340304851532
20,0.0825863853096962,-0.3995135426521301,0.19412018358707428
21,0.0825863853096962,-0.4051669239997864,0.19268213212490082
22,0.0825863853096962,-0.4104562997817993,0.19087885320186615
23,0.0825863853096962,-0.41530364751815796,0.18866924941539764
24,0.0825863853096962,-0.4196310043334961,0.18601234257221222
25,0.0825863853096962,-0.4233603775501251,0.18286706507205963
26,0.0825863853096962,-0.4264138340950012,0.17919233441352844
27,0.0825863778591156,-0.4287257194519043,0.1749691367149353
28,0.0825863778591156,-0.43029069900512695,0.17028553783893585
29,0.0825863778591156,-0.4311217665672302,0.1652623862028122
30,0.0825863778591156,-0.4312320351600647,0.16002054512500763
31,0.0825863778591156,-0.4306344985961914,0.15468084812164307
32,0.082586370408535,-0.42934226989746094,0.1493641585111618
33,0.082586370408535,-0.4273683428764343,0.14419132471084595
34,0.082586370408535,-0.4247257709503174,0.1392832100391388
35,0.082586370408535,-0.4214276373386383,0.13476064801216125
36,0.082586370408535,-0.4174869656562805,0.13074448704719543
37,0.082586370408535,-0.4129168391227722,0.12735559046268463
38,0.0825863629579544,-0.40773025155067444,0.12471478432416916
39,0.0825863629579544,-0.4019402861595154,0.1229429617524147
40,0.0825863927602768,-0.3955604135990143,0.12215807288885117
41,0.08258771896362305,-0.388618141412735,0.12236616015434265
42,0.08259319514036179,-0.38115957379341125,0.12342790514230728
43,0.08260577917098999,-0.37323203682899475,0.12519432604312897
44,0.08262844383716583,-0.36488279700279236,0.12751631438732147
45,0.08266414701938629,-0.35615915060043335,0.1302448809146881
46,0.08271586149930954,-0.3471084535121918,0.1332310289144516
47,0.08278654515743256,-0.33777791261672974,0.13632561266422272
48,0.08287915587425232,-0.3282149136066437,0.13937972486019135
49,0.0829966738820076,-0.3184666633605957,0.14224424958229065
50,0.08314204961061478,-0.30858054757118225,0.14477019011974335
51,0.08331824839115143,-0.2986038029193878,0.14680849015712738
52,0.08352824300527573,-0.28858378529548645,0.14821013808250427
53,0.08377498388290405,-0.27856773138046265,0.14882607758045197
54,0.08406016230583191,-0.2686106562614441,0.1485258787870407
55,0.08437774330377579,-0.2588137686252594,0.1472906768321991
56,0.08471883833408356,-0.24929527938365936,0.1451428383588791
57,0.08507455140352249,-0.2401735484600067,0.1421048641204834
58,0.08543599396944046,-0.23156686127185822,0.13819925487041473
59,0.08579428493976593,-0.22359351813793182,0.1334485113620758
60,0.08614051342010498,-0.2163718044757843,0.12787513434886932
61,0.08646579831838608,-0.21002009510993958,0.12150156497955322
62,0.0867612436413765,-0.20465661585330963,0.11435035616159439
63,0.0870179608464241,-0.2003997266292572,0.10644396394491196
64,0.08722706139087677,-0.19736769795417786,0.09780488908290863
65,0.08737964183092117,-0.19567887485027313,0.08845562487840652
66,0.08746681362390518,-0.1954515278339386,0.07841865718364716
67,0.08747979998588562,-0.19680160284042358,0.06771671026945114
68,0.0874164029955864,-0.1997031569480896,0.056385986506938934
69,0.0872846394777298,-0.20391026139259338,0.04448361694812775
70,0.08709339052438736,-0.2091580331325531,0.03206854313611984
71,0.0868515595793724,-0.21518170833587646,0.01919967494904995
72,0.08656803518533707,-0.22171643376350403,0.005935936234891415
73,0.08625170588493347,-0.22849732637405396,-0.007663754280656576
74,0.08591146767139435,-0.23525959253311157,-0.021540442481637
75,0.08555621653795242,-0.24173837900161743,-0.03563522547483444
76,0.08519483357667923,-0.24766883254051208,-0.04988918453454971
77,0.08483622223138809,-0.25278615951538086,-0.06424335390329361
78,0.08448926359415054,-0.2568254768848419,-0.07863885909318924
79,0.08416286110877991,-0.2595219612121582,-0.09301674365997314
80,0.08386589586734772,-0.26061078906059265,-0.10731806606054306
81,0.08360626548528671,-0.2598724961280823,-0.12148662656545639
82,0.08338434249162674,-0.2574230432510376,-0.13548828661441803
83,0.0831972137093544,-0.2535288333892822,-0.1492971032857895
84,0.08304189145565033,-0.2484566867351532,-0.16288872063159943
85,0.08291541785001755,-0.24247390031814575,-0.1762373149394989
86,0.08281483501195908,-0.23584716022014618,-0.1893184632062912
87,0.08273717015981674,-0.22884385287761688,-0.20210638642311096
88,0.08267945796251297,-0.22173063457012177,-0.2145766019821167
89,0.08263874799013138,-0.21477490663528442,-0.22670339047908783
90,0.0826120674610138,-0.20824329555034637,-0.23846226930618286
91,0.08259645104408264,-0.20240318775177002,-0.24982750415802002
92,0.08258893340826035,-0.19752128422260284,-0.26077455282211304
93,0.08258655667304993,-0.1938648819923401,-0.2712777554988861
94,0.0825863629579544,-0.1916995793581009,-0.2813125252723694
95,0.0825863629579544,-0.19116581976413727,-0.2908507287502289
96,0.0825863629579544,-0.19217102229595184,-0.2998606264591217
97,0.0825863629579544,-0.1945972740650177,-0.3083091080188751
98,0.0825863629579544,-0.19832688570022583,-0.3161638081073761
99,0.0825863629579544,-0.20324184000492096,-0.32339170575141907
100,0.0825863629579544,-0.20922452211380005,-0.3299604058265686
101,0.0825863629579544,-0.21615685522556305,-0.33583682775497437
102,0.0825863629579544,-0.2239212691783905,-0.3409886360168457
103,0.0825863629579544,-0.2323995977640152,-0.34538283944129944
104,0.0825863629579544,-0.24147440493106842,-0.3489868938922882
105,0.0825863629579544,-0.2510274052619934,-0.35176801681518555
106,0.0825863629579544,-0.2609412372112274,-0.35369348526000977
107,0.0825863629579544,-0.2710975706577301,-0.35473066568374634
108,0.0825863629579544,-0.28138187527656555,-0.35485199093818665
109,0.0825863629579544,-0.2917061448097229,-0.35407906770706177
110,0.0825863629579544,-0.30199700593948364,-0.3524593710899353
111,0.0825863629579544,-0.312181293964386,-0.3500407636165619
112,0.0825863629579544,-0.32218581438064575,-0.3468712568283081
113,0.0825863629579544,-0.331937313079834,-0.3429986536502838
114,0.0825863629579544,-0.3413626551628113,-0.3384709358215332
115,0.0825863629579544,-0.3503885865211487,-0.3333359360694885
116,0.0825863629579544,-0.3589419424533844,-0.3276416063308716
117,0.0825863629579544,-0.36694952845573425,-0.32143574953079224
118,0.0825863629579544,-0.3743380904197693,-0.31476646661758423
119,0.0825863629579544,-0.3810344934463501,-0.3076813817024231
120,0.0825863629579544,-0.3869655132293701,-0.3002285659313202
121,0.0825863629579544,-0.3920580744743347,-0.2924558222293854
122,0.0825863629579544,-0.3962702453136444,-0.28440797328948975
123,0.0825863629579544,-0.3996293246746063,-0.276122510433197
124,0.0825863629579544,-0.4021720886230469,-0.2676362693309784
125,0.0825863629579544,-0.4039352536201477,-0.25898584723472595
126,0.0825863629579544,-0.40495556592941284,-0.25020793080329895
127,0.0825863629579544,-0.40526971220970154,-0.24133917689323425
128,0.0825863629579544,-0.4049144983291626,-0.23241636157035828
129,0.0825863629579544,-0.4039266109466553,-0.2234760820865631
130,0.0825863629579544,-0.4023427963256836,-0.2145550549030304
131,0.0825863629579544,-0.4001997709274292,-0.2056899517774582
132,0.0825863629579544,-0.3975343108177185,-0.19691748917102814
133,0.0825863629579544,-0.39438310265541077,-0.1882742941379547
134,0.0825863629579544,-0.3907829225063324,-0.17979711294174194
135,0.0825863629579544,-0.3867725729942322,-0.1715199500322342
136,0.0825863629579544,-0.3824153542518616,-0.16344678401947021
137,0.0825863629579544,-0.37779030203819275,-0.15556184947490692
138,0.0825863629579544,-0.37297672033309937,-0.14784929156303406
139,0.0825863629579544,-0.36805397272109985,-0.14029310643672943
140,0.0825863629579544,-0.3631013035774231,-0.13287733495235443
141,0.0825863629579544,-0.35819804668426514,-0.12558604776859283
142,0.0825863629579544,-0.35342350602149963,-0.11840325593948364
143,0.0825863629579544,-0.34885701537132263,-0.11131302267313004
144,0.0825863629579544,-0.3445778787136078,-0.10429937392473221
145,0.0825863629579544,-0.34066540002822876,-0.09734637290239334
146,0.0825863629579544,-0.3371988832950592,-0.09043804556131363
147,0.0825863629579544,-0.33425766229629517,-0.08355844765901566
148,0.0825863629579544,-0.3319209814071655,-0.07669162005186081
149,0.0825863629579544,-0.33023837208747864,-0.06983023881912231
150,0.0825863629579544,-0.32917919754981995,-0.062990203499794
151,0.0825863629579544,-0.3286994397640228,-0.05619125813245773
152,0.0825863629579544,-0.3287550210952759,-0.04945318028330803
153,0.0825863629579544,-0.32930195331573486,-0.042795728892087936
154,0.0825863629579544,-0.33029621839523315,-0.03623867779970169
155,0.0825863629579544,-0.33169376850128174,-0.029801782220602036
156,0.0825863629579544,-0.333450585603714,-0.02350481227040291
157,0.0825863629579544,-0.3355226218700409,-0.0173675324767828
158,0.0825863629579544,-0.33786582946777344,-0.011409705504775047
159,0.0825863629579544,-0.34043624997138977,-0.005651097744703293
160,0.0825863629579544,-0.3431897759437561,-0.00011154419917147607
161,0.0825863629579544,-0.3460824489593506,0.005189335905015469
162,0.0825863629579544,-0.3490724265575409,0.010232407599687576
163,0.0825863629579544,-0.35215112566947937,0.015009148046374321
164,0.0825863629579544,-0.3553355634212494,0.019519146531820297
165,0.0825863629579544,-0.35864338278770447,0.023762203752994537
166,0.0825863629579544,-0.3620922863483429,0.027738116681575775
167,0.0825863629579544,-0.3656998872756958,0.03144669160246849
168,0.0825863629579544,-0.3694838583469391,0.03488771989941597
169,0.0825863629579544,-0.37346190214157104,0.038061000406742096
170,0.0825863629579544,-0.3776516020298004,0.04096633568406105
171,0.0825863629579544,-0.3820706903934479,0.043603528290987015
172,0.0825863629579544,-0.38673678040504456,0.04597236588597298
173,0.0825863629579544,-0.39166754484176636,0.04807266220450401
174,0.0825863629579544,-0.3968806862831116,0.04990420490503311
175,0.0825863629579544,-0.4023936986923218,0.05146678164601326
176,0.0825863629579544,-0.4081990718841553,0.0527651272714138
177,0.0825863629579544,-0.41420525312423706,0.0538199245929718
178,0.0825863629579544,-0.420303612947464,0.05465511232614517
179,0.0825863629579544,-0.42638593912124634,0.05529472976922989
180,0.0825863629579544,-0.43234384059906006,0.05576275289058685
181,0.0825863629579544,-0.43806880712509155,0.05608314648270607
182,0.0825863629579544,-0.44345220923423767,0.05627989396452904
183,0.0825863629579544,-0.44310617446899414,0.05627015605568886